df,sum_sq,mean_sq,F,PR(>F)
7.0,12929.136769616633,1847.019538516662,32.6409963535804,2.332137069462039e-31
232.0,13127.924414257726,56.585881095938475,,
